use kfood;

-- member_table --
insert into member_table(userid, userpwd, username, usernation, favornation, favorstate, tel, usertype) values('goguma', 'root1234', '고구마', '대한민국', '노르웨이', '오슬로', '010-1234-5678', 'admin');
insert into member_table(userid, userpwd, username, usernation, favornation, favorstate, tel, usertype) values('potato', 'root1234', '감자', '루마니아', '모로코', '카사블랑카', '010-1234-5678', 'owner');
insert into member_table(userid, userpwd, username, usernation, favornation, favorstate, tel, usertype) values('apple', 'root1234', '사과', '바하마', '벨기에', '안트워프', '010-1234-5678', 'owner');
insert into member_table(userid, userpwd, username, usernation, favornation, favorstate, tel, usertype) values('blueberry', 'root1234', '블루베리', '불가리아', '브라질', '리우데자네이루', '010-1234-5678', 'owner');
insert into member_table(userid, userpwd, username, usernation, favornation, favorstate, tel, usertype) values('carrot', 'root1234', '당근', '스웨덴', '아이티', '포르토프랭스', '010-1234-5678', 'owner');
insert into member_table(userid, userpwd, username, usernation, favornation, favorstate, tel, usertype) values('onion', 'root1234', '양파', '앙골라', '에티오피아', '디레다와', '010-1234-5678', 'owner');
insert into member_table(userid, userpwd, username, usernation, favornation, favorstate, tel, usertype) values('kale', 'root1234', '케일', '영국', '영국', '리즈', '010-1234-5678', 'owner');
insert into member_table(userid, userpwd, username, usernation, favornation, favorstate, tel, usertype) values('broccoli', 'root1234', '브로콜리', '오스트리아', '우간다', '엔테베', '010-1234-5678', 'owner');
insert into member_table(userid, userpwd, username, usernation, favornation, favorstate, tel, usertype) values('basil', 'root1234', '바질', '오스트리아', '우루과이', '카넬로네스', '010-1234-5678', 'owner(jin)');
insert into member_table(userid, userpwd, username, usernation, favornation, favorstate, tel, usertype) values('corn', 'root1234', '옥수수', '우크라이나', '이란', '테헤란', '010-1234-5678', 'owner(jin)');
insert into member_table(userid, userpwd, username, usernation, favornation, favorstate, tel, usertype) values('grape', 'root1234', '포도', '이집트', '이란', '테헤란', '010-1234-5678', 'owner(jin)');
insert into member_table(userid, userpwd, username, usernation, favornation, favorstate, tel, usertype) values('mango', 'root1234', '망고', '이집트', '이탈리아', '로마', '010-1234-5678', 'owner(jin)');
insert into member_table(userid, userpwd, username, usernation, favornation, favorstate, tel, usertype) values('watermelon', 'root1234', '수박', '인도', '이탈리아', '토리노', '010-1234-5678', 'owner(jin)');
insert into member_table(userid, userpwd, username, usernation, favornation, favorstate, tel, usertype) values('orange', 'root1234', '오렌지', '인도네시아', '일본', '오사카', '010-1234-5678', 'normal');
insert into member_table(userid, userpwd, username, usernation, favornation, favorstate, tel, usertype) values('peach', 'root1234', '복숭아', '일본', '대한민국', '서울', '010-1234-5678', 'normal');
insert into member_table(userid, userpwd, username, usernation, favornation, favorstate, tel, usertype) values('plum', 'root1234', '자두', '중앙아프리카공화국', '칠레', '푼타아레나스', '010-1234-5678', 'normal');
insert into member_table(userid, userpwd, username, usernation, favornation, favorstate, tel, usertype) values('kiwi', 'root1234', '키위', '코스타리카', '칠레', '푼타아레나스', '010-1234-5678', 'normal');
insert into member_table(userid, userpwd, username, usernation, favornation, favorstate, tel, usertype) values('banana', 'root1234', '바나나', '코스타리카', '중국', '베이징', '010-1234-5678', 'normal');
insert into member_table(userid, userpwd, username, usernation, favornation, favorstate, tel, usertype) values('guava', 'root1234', '구아바', '콜롬비아', '크로아티아', '자그레브', '010-1234-5678', 'normal');
insert into member_table(userid, userpwd, username, usernation, favornation, favorstate, tel, usertype) values('tomato', 'root1234', '토마토', '터키', '파라과이', '아순시온', '010-1234-5678', 'normal');


-- restaurant_table --
insert into restaurant_table(resname, resadress, resgrade, rescontent, userid, resnation, resstate, restype, resimg, reshour, reshourend, website)
values('서울의집', 'Budapest, Fő u. 8, 1011 헝가리', '3.8', 'rescontent', 'potato', '헝가리', '부다페스트', 'restype', '서울의집.jpg', '11:30', '21:00', 'website');
insert into restaurant_table(resname, resadress, resgrade, rescontent, userid, resnation, resstate, restype, resimg, reshour, reshourend, website)
values('고려정 한식당', 'Cankurtaran, No: 10, Cankurtaran Meydanı Sk., 34122 Fatih, 터키', '4.2', 'rescontent', 'apple', '터키', '이스탄불', 'restype', '고려정한식당.jpg', '12:00', '21:30', 'website');
insert into restaurant_table(resname, resadress, resgrade, rescontent, userid, resnation, resstate, restype, resimg, reshour, reshourend, website)
values('피렌체 한식당 강남식당', 'Via Guelfa, 94/r, 50129 Firenze FI, 이탈리아', '4.1', 'rescontent', 'blueberry', '이탈리아', '피렌체', 'restype', '피렌체한식당강남식당.jpg', '12:00', '23:00', 'website');
insert into restaurant_table(resname, resadress, resgrade, rescontent, userid, resnation, resstate, restype, resimg, reshour, reshourend, website)
values('dochirak 도시락', '프랑스 75002 Paris, Rue Saint-Augustin, ParisRue', '3.6', 'rescontent', 'carrot', '프랑스', '파리', 'restype', 'dochirak도시락.jpg', '12:00', '22:30', 'website');
insert into restaurant_table(resname, resadress, resgrade, rescontent, userid, resnation, resstate, restype, resimg, reshour, reshourend, website)
values('바르셀로나 서울정', 'Avinguda de Gaudí, 70, 08025 Barcelona, 스페인', '4.6', 'rescontent', 'onion', '스페인', '바르셀로나', 'restype', '바르셀로나서울정.jpg', '13:00', '00:00', 'website');
insert into restaurant_table(resname, resadress, resgrade, rescontent, userid, resnation, resstate, restype, resimg, reshour, reshourend, website)
values('Hanki', 'Korkalonkatu 2 C, 96100 Rovaniemi, 핀란드', '4.9', 'rescontent', 'kale', '핀란드', '쿠오피오', 'restype', 'Hanki.jpg', '11:00', '20:00', 'website');
insert into restaurant_table(resname, resadress, resgrade, rescontent, userid, resnation, resstate, restype, resimg, reshour, reshourend, website)
values('대장금(Dae Jang Guem, ធេចាំងគឹម, 大長今)', 'Krous Village, NR6, Krong Siem Reap 17253 캄보디아', '5.0', 'rescontent', 'broccoli', '캄보디아', '시엠립', 'restype', 'DaeJangGuem.jpg', '10:00', '22:00', 'website');
insert into restaurant_table(resname, resadress, resgrade, rescontent, userid, resnation, resstate, restype, resimg, reshour, reshourend, website)
values('한일관', '5458 Buford Hwy NE, Doraville, GA 30340 미국', '4.3', 'rescontent', 'apple', '미국', '시카고', 'restype', '한일관.jpg', '10:00', '22:00', 'website');
insert into restaurant_table(resname, resadress, resgrade, rescontent, userid, resnation, resstate, restype, resimg, reshour, reshourend, website)
values('장모집설렁탕(가든그로브)', '9816 Garden Grove Blvd, Garden Grove, CA 92844 미국', '4.0', 'rescontent', 'apple', '미국', '로스엔젤레스', 'restype', '가든그로브.jpg', '08:00', '20:00', 'website');

-- member_reserv --
insert into member_reserv(userid, resno, reservdate, reservtime, reservp, status) values('orange', '5', '2022-04-30', '10:00', '2', 'apply');
insert into member_reserv(userid, resno, reservdate, reservtime, reservp, status) values('orange', '1', '2022-04-18', '10:00', '3', 'reject');
insert into member_reserv(userid, resno, reservdate, reservtime, reservp, status) values('orange', '3', '2022-04-28', '10:00', '4', 'cancel');
insert into member_reserv(userid, resno, reservdate, reservtime, reservp, status) values('orange', '9', '2022-04-25', '10:00', '2', 'ok');
insert into member_reserv(userid, resno, reservdate, reservtime, reservp, status) values('peach', '2', '2022-04-30', '10:00', '2', 'apply');
insert into member_reserv(userid, resno, reservdate, reservtime, reservp, status) values('peach', '4', '2022-04-18', '10:00', '1', 'ok');
insert into member_reserv(userid, resno, reservdate, reservtime, reservp, status) values('peach', '6', '2022-04-28', '10:00', '5', 'cancel');
insert into member_reserv(userid, resno, reservdate, reservtime, reservp, status) values('peach', '7', '2022-04-25', '10:00', '2', 'reject');
insert into member_reserv(userid, resno, reservdate, reservtime, reservp, status) values('plum', '1', '2022-04-30', '10:00', '2', 'cancel');
insert into member_reserv(userid, resno, reservdate, reservtime, reservp, status) values('plum', '4', '2022-04-18', '10:00', '6', 'reject');
insert into member_reserv(userid, resno, reservdate, reservtime, reservp, status) values('plum', '5', '2022-04-28', '10:00', '4', 'ok');
insert into member_reserv(userid, resno, reservdate, reservtime, reservp, status) values('plum', '3', '2022-04-25', '10:00', '3', 'apply');
insert into member_reserv(userid, resno, reservdate, reservtime, reservp, status) values('kiwi', '5', '2022-04-30', '10:00', '2', 'apply');
insert into member_reserv(userid, resno, reservdate, reservtime, reservp, status) values('kiwi', '1', '2022-04-18', '10:00', '3', 'reject');
insert into member_reserv(userid, resno, reservdate, reservtime, reservp, status) values('kiwi', '3', '2022-04-28', '10:00', '4', 'cancel');
insert into member_reserv(userid, resno, reservdate, reservtime, reservp, status) values('kiwi', '9', '2022-04-25', '10:00', '2', 'ok');
insert into member_reserv(userid, resno, reservdate, reservtime, reservp, status) values('banana', '2', '2022-04-30', '10:00', '2', 'apply');
insert into member_reserv(userid, resno, reservdate, reservtime, reservp, status) values('banana', '4', '2022-04-18', '10:00', '1', 'ok');
insert into member_reserv(userid, resno, reservdate, reservtime, reservp, status) values('banana', '6', '2022-04-28', '10:00', '5', 'cancel');
insert into member_reserv(userid, resno, reservdate, reservtime, reservp, status) values('banana', '7', '2022-04-25', '10:00', '2', 'reject');
insert into member_reserv(userid, resno, reservdate, reservtime, reservp, status) values('guava', '1', '2022-04-30', '10:00', '2', 'cancel');
insert into member_reserv(userid, resno, reservdate, reservtime, reservp, status) values('guava', '4', '2022-04-18', '10:00', '6', 'reject');
insert into member_reserv(userid, resno, reservdate, reservtime, reservp, status) values('guava', '5', '2022-04-28', '10:00', '4', 'ok');
insert into member_reserv(userid, resno, reservdate, reservtime, reservp, status) values('guava', '3', '2022-04-25', '10:00', '3', 'apply');
insert into member_reserv(userid, resno, reservdate, reservtime, reservp, status) values('tomato', '7', '2022-04-25', '10:00', '2', 'reject');
insert into member_reserv(userid, resno, reservdate, reservtime, reservp, status) values('tomato', '1', '2022-04-30', '10:00', '2', 'cancel');
insert into member_reserv(userid, resno, reservdate, reservtime, reservp, status) values('tomato', '4', '2022-04-18', '10:00', '6', 'reject');
insert into member_reserv(userid, resno, reservdate, reservtime, reservp, status) values('tomato', '5', '2022-04-28', '10:00', '4', 'ok');
insert into member_reserv(userid, resno, reservdate, reservtime, reservp, status) values('tomato', '3', '2022-04-25', '10:00', '3', 'apply');


-- member_favorite --
insert into member_favorite(userid, resno) values('orange', '9');
insert into member_favorite(userid, resno) values('orange', '1');
insert into member_favorite(userid, resno) values('orange', '7');
insert into member_favorite(userid, resno) values('peach', '3');
insert into member_favorite(userid, resno) values('peach', '8');
insert into member_favorite(userid, resno) values('peach', '1');
insert into member_favorite(userid, resno) values('plum', '8');
insert into member_favorite(userid, resno) values('plum', '6');
insert into member_favorite(userid, resno) values('plum', '5');
insert into member_favorite(userid, resno) values('kiwi', '2');
insert into member_favorite(userid, resno) values('kiwi', '4');
insert into member_favorite(userid, resno) values('kiwi', '3');
insert into member_favorite(userid, resno) values('banana', '5');
insert into member_favorite(userid, resno) values('banana', '2');
insert into member_favorite(userid, resno) values('banana', '9');
insert into member_favorite(userid, resno) values('guava', '4');
insert into member_favorite(userid, resno) values('guava', '1');
insert into member_favorite(userid, resno) values('tomato', '6');
insert into member_favorite(userid, resno) values('tomato', '2');


-- review_table --
insert into review_table(content, grade, userid, resno) values('I enjoyed eating', '5.0', 'orange', '1');
insert into review_table(content, grade, userid, resno) values('I enjoyed eating', '5.0', 'peach', '2');
insert into review_table(content, grade, userid, resno) values('I enjoyed eating', '5.0', 'plum', '3');
insert into review_table(content, grade, userid, resno) values('I enjoyed eating', '5.0', 'kiwi', '5');
insert into review_table(content, grade, userid, resno) values('I enjoyed eating', '5.0', 'banana', '2');
insert into review_table(content, grade, userid, resno) values('I enjoyed eating', '5.0', 'guava', '7');
insert into review_table(content, grade, userid, resno) values('I enjoyed eating', '5.0', 'tomato', '8');
insert into review_table(content, grade, userid, resno) values('I enjoyed eating', '5.0', 'orange', '9');
insert into review_table(content, grade, userid, resno) values('친절해서 정말 좋았어요', '4.0', 'peach', '3');
insert into review_table(content, grade, userid, resno) values('정말 맛있었어요.…', '4.0', 'peach', '5');
insert into review_table(content, grade, userid, resno) values('정말 돈 아깝네요', '2.0', 'plum', '2');
insert into review_table(content, grade, userid, resno) values('정말 돈 아깝네요', '3.0', 'kiwi', '2');
insert into review_table(content, grade, userid, resno) values('정말 돈 아깝네요', '2.0', 'banana', '4');
insert into review_table(content, grade, userid, resno) values('정말 돈 아깝네요', '1.0', 'guava', '6');
insert into review_table(content, grade, userid, resno) values('정말 돈 아깝네요', '3.0', 'tomato', '7');
insert into review_table(content, grade, userid, resno) values('음식이  모두  맛있네요.', '3.0', 'plum', '5');
insert into review_table(content, grade, userid, resno) values('음식이  모두  맛있네요.', '4.0', 'kiwi', '9');
insert into review_table(content, grade, userid, resno) values('퀄리티가 너무 좋고 직원들이 너무 친절했다.', '5.0', 'banana', '4');
insert into review_table(content, grade, userid, resno) values('맛남. 앞으로 자주애용할듯', '4.0', 'guava', '6');
insert into review_table(content, grade, userid, resno) values('음식도 깔끔하고 맛도 괜찮아요.', '4.0', 'tomato', '7');


-- ad_table --
insert into ad_table(resno, bannerimg, userid, startdate, enddate, status) values('1', 'koreanbbq.jpg', 'potato', '2022-04-18', '2022-04-28', 'apply');
insert into ad_table(resno, bannerimg, userid, startdate, enddate, status) values('2', 'koreanbbq.jpg', 'apple', '2022-04-28', '2022-04-29', 'reject');
insert into ad_table(resno, bannerimg, userid, startdate, enddate, status) values('3', 'koreanbbq.jpg', 'blueberry', '2022-04-18', '2022-04-28', 'ok');
insert into ad_table(resno, bannerimg, userid, startdate, enddate, status) values('4', 'koreanbbq.jpg', 'carrot', '2022-04-14', '2022-04-18', 'start');
insert into ad_table(resno, bannerimg, userid, startdate, enddate, status) values('5', 'koreanbbq.jpg', 'onion', '2022-04-11', '2022-04-14', 'end');
insert into ad_table(resno, bannerimg, userid, startdate, enddate, status) values('9', 'koreanbbq.jpg', 'apple', '2022-04-10', '2022-04-12', 'end');


-- country --
insert into country(no, nation, state) values('1','가나','아크라');
insert into country(no, nation, state) values('2','가나','쿠마시');
insert into country(no, nation, state) values('3','가나','타말레');
insert into country(no, nation, state) values('4','가나','세콘디타코라디');
insert into country(no, nation, state) values('5','가봉','리브르빌');
insert into country(no, nation, state) values('6','가봉','포트장틸');
insert into country(no, nation, state) values('7','가봉','프랑스빌');
insert into country(no, nation, state) values('8','가이아나','조지타운');
insert into country(no, nation, state) values('9','가이아나','뉴암스테르담');
insert into country(no, nation, state) values('10','가이아나','린덴');
insert into country(no, nation, state) values('11','가이아나','스프링스랜드');
insert into country(no, nation, state) values('12','감비아','반줄');
insert into country(no, nation, state) values('13','감비아','세레쿤타');
insert into country(no, nation, state) values('14','감비아','브리카마');
insert into country(no, nation, state) values('15','감비아','바카우');
insert into country(no, nation, state) values('16','과테말라','과테말라시티');
insert into country(no, nation, state) values('17','과테말라','믹스코');
insert into country(no, nation, state) values('18','과테말라','비야누에바');
insert into country(no, nation, state) values('19','과테말라','치나우틀라');
insert into country(no, nation, state) values('20','과테말라','아마티틀란');
insert into country(no, nation, state) values('21','그레나다','세인트죠지스');
insert into country(no, nation, state) values('22','그레나다','구예브');
insert into country(no, nation, state) values('23','그리스','아테네');
insert into country(no, nation, state) values('24','그리스','데살로니키');
insert into country(no, nation, state) values('25','그리스','파트라');
insert into country(no, nation, state) values('26','그리스','피레우스');
insert into country(no, nation, state) values('27','기니','코나크리');
insert into country(no, nation, state) values('28','기니','칸칸');
insert into country(no, nation, state) values('29','기니','시기리');
insert into country(no, nation, state) values('30','기니','라베');
insert into country(no, nation, state) values('31','기니','킨디아');
insert into country(no, nation, state) values('32','기니비사우','비쏘');
insert into country(no, nation, state) values('33','기니비사우','바타파');
insert into country(no, nation, state) values('34','기니비사우','가부');
insert into country(no, nation, state) values('35','기니비사우','까슈');
insert into country(no, nation, state) values('36','나미비아','빈트후크');
insert into country(no, nation, state) values('37','나미비아','스바코프문트');
insert into country(no, nation, state) values('38','나미비아','레오보스');
insert into country(no, nation, state) values('39','나미비아','룬두');
insert into country(no, nation, state) values('40','나우루','야렌');
insert into country(no, nation, state) values('41','나우루','우아보에');
insert into country(no, nation, state) values('42','나이지리아','아부자');
insert into country(no, nation, state) values('43','나이지리아','라고스');
insert into country(no, nation, state) values('44','나이지리아','에누구');
insert into country(no, nation, state) values('45','나이지리아','카노');
insert into country(no, nation, state) values('46','나이지리아','포트하코트');
insert into country(no, nation, state) values('47','나이지리아','카두나');
insert into country(no, nation, state) values('48','남수단','주바');
insert into country(no, nation, state) values('49','남수단','와우');
insert into country(no, nation, state) values('50','남수단','말라칼');
insert into country(no, nation, state) values('51','남아프리카공화국','프레토리아');
insert into country(no, nation, state) values('52','남아프리카공화국','케이프타운');
insert into country(no, nation, state) values('53','남아프리카공화국','블럼폰탄');
insert into country(no, nation, state) values('54','남아프리카공화국','요하네스버그');
insert into country(no, nation, state) values('55','남아프리카공화국','다반');
insert into country(no, nation, state) values('56','네덜란드','암스테르담');
insert into country(no, nation, state) values('57','네덜란드','헤이그');
insert into country(no, nation, state) values('58','네덜란드','로테르담');
insert into country(no, nation, state) values('59','네덜란드','유트레히트');
insert into country(no, nation, state) values('60','네팔','카트만두');
insert into country(no, nation, state) values('61','네팔','포카라');
insert into country(no, nation, state) values('62','네팔','비르건지');
insert into country(no, nation, state) values('63','네팔','비라트나갈');
insert into country(no, nation, state) values('64','네팔','네팔건즈');
insert into country(no, nation, state) values('65','노르웨이','오슬로');
insert into country(no, nation, state) values('66','노르웨이','베르겐');
insert into country(no, nation, state) values('67','노르웨이','트론하임');
insert into country(no, nation, state) values('68','뉴질랜드','웰링턴');
insert into country(no, nation, state) values('69','뉴질랜드','오클랜드');
insert into country(no, nation, state) values('70','뉴질랜드','크라이스트처치');
insert into country(no, nation, state) values('71','니제르','니아메이');
insert into country(no, nation, state) values('72','니제르','마라디');
insert into country(no, nation, state) values('73','니제르','진더');
insert into country(no, nation, state) values('74','니제르','타호와');
insert into country(no, nation, state) values('75','니카라과','마나구아');
insert into country(no, nation, state) values('76','니카라과','마타갈파');
insert into country(no, nation, state) values('77','니카라과','레온');
insert into country(no, nation, state) values('78','니카라과','그라나다');
insert into country(no, nation, state) values('79','니카라과','치난데가');
insert into country(no, nation, state) values('80','대한민국','서울');
insert into country(no, nation, state) values('81','대한민국','부산');
insert into country(no, nation, state) values('82','대한민국','광주');
insert into country(no, nation, state) values('83','대한민국','대구');
insert into country(no, nation, state) values('84','대한민국','울산');
insert into country(no, nation, state) values('85','대한민국','경주');
insert into country(no, nation, state) values('86','덴마크','코펜하겐');
insert into country(no, nation, state) values('87','덴마크','오후스');
insert into country(no, nation, state) values('88','덴마크','오덴세');
insert into country(no, nation, state) values('89','덴마크','올보르');
insert into country(no, nation, state) values('90','도미니카공화국','산토도밍고');
insert into country(no, nation, state) values('91','도미니카공화국','산티아고');
insert into country(no, nation, state) values('92','도미니카공화국','라로마나');
insert into country(no, nation, state) values('93','도미니카공화국','푸에르토프라타');
insert into country(no, nation, state) values('94','도미니카연방','로소');
insert into country(no, nation, state) values('95','도미니카연방','포트마우스');
insert into country(no, nation, state) values('96','독일','베를린');
insert into country(no, nation, state) values('97','독일','본');
insert into country(no, nation, state) values('98','독일','함부르크');
insert into country(no, nation, state) values('99','독일','뮌헨');
insert into country(no, nation, state) values('100','독일','쾰른');
insert into country(no, nation, state) values('101','독일','프랑크푸르트');
insert into country(no, nation, state) values('102','라오스','비엔티안');
insert into country(no, nation, state) values('103','라오스','사바나켓');
insert into country(no, nation, state) values('104','라오스','팍세');
insert into country(no, nation, state) values('105','라오스','루앙프라방');
insert into country(no, nation, state) values('106','라이베리아','몬로비아');
insert into country(no, nation, state) values('107','라이베리아','부케난');
insert into country(no, nation, state) values('108','라이베리아','그린빌');
insert into country(no, nation, state) values('109','라트비아','리가');
insert into country(no, nation, state) values('110','라트비아','다우가브필즈');
insert into country(no, nation, state) values('111','라트비아','리에파야');
insert into country(no, nation, state) values('112','라트비아','쥬르말라');
insert into country(no, nation, state) values('113','러시아','모스크바');
insert into country(no, nation, state) values('114','러시아','상트페테르부르크');
insert into country(no, nation, state) values('115','러시아','노보시비르스크');
insert into country(no, nation, state) values('116','레바논','베이루트');
insert into country(no, nation, state) values('117','레바논','트리폴리');
insert into country(no, nation, state) values('118','레바논','자흘레');
insert into country(no, nation, state) values('119','레바논','시돈');
insert into country(no, nation, state) values('120','레바논','티르');
insert into country(no, nation, state) values('121','레소토','마세루');
insert into country(no, nation, state) values('122','레소토','레리베');
insert into country(no, nation, state) values('123','레소토','마페텡');
insert into country(no, nation, state) values('124','레소토','베레아');
insert into country(no, nation, state) values('125','루마니아','부쿠레슈티');
insert into country(no, nation, state) values('126','루마니아','클루즈-나포카');
insert into country(no, nation, state) values('127','루마니아','티미쇼아라');
insert into country(no, nation, state) values('128','루마니아','콘스탄차');
insert into country(no, nation, state) values('129','루마니아','브라쇼브');
insert into country(no, nation, state) values('130','르완다','키갈리');
insert into country(no, nation, state) values('131','르완다','부타레');
insert into country(no, nation, state) values('132','르완다','키부이에');
insert into country(no, nation, state) values('133','르완다','니안자');
insert into country(no, nation, state) values('134','리비아','트리폴리');
insert into country(no, nation, state) values('135','리비아','벵가지');
insert into country(no, nation, state) values('136','리비아','미스라타');
insert into country(no, nation, state) values('137','리투아니아','빌니우스');
insert into country(no, nation, state) values('138','리투아니아','카우나스');
insert into country(no, nation, state) values('139','리투아니아','클라이페다');
insert into country(no, nation, state) values('140','리히텐슈타인','바두츠');
insert into country(no, nation, state) values('141','리히텐슈타인','샤안');
insert into country(no, nation, state) values('142','마다가스카르','안타나나리보');
insert into country(no, nation, state) values('143','마다가스카르','마중가');
insert into country(no, nation, state) values('144','마다가스카르','토아마시나');
insert into country(no, nation, state) values('145','말라위','릴롱궤');
insert into country(no, nation, state) values('146','말라위','블랜타이어');
insert into country(no, nation, state) values('147','말라위','음주주');
insert into country(no, nation, state) values('148','말라위','좀바');
insert into country(no, nation, state) values('149','말레이시아','쿠알라룸푸르');
insert into country(no, nation, state) values('150','말레이시아','페낭');
insert into country(no, nation, state) values('151','말레이시아','푸트라자야');
insert into country(no, nation, state) values('152','말리','바마코');
insert into country(no, nation, state) values('153','말리','시카소');
insert into country(no, nation, state) values('154','말리','세구');
insert into country(no, nation, state) values('155','말리','몹티');
insert into country(no, nation, state) values('156','말리','가오');
insert into country(no, nation, state) values('157','멕시코','멕시코시티');
insert into country(no, nation, state) values('158','멕시코','과달라하라');
insert into country(no, nation, state) values('159','멕시코','몬테레이');
insert into country(no, nation, state) values('160','모로코','라바트');
insert into country(no, nation, state) values('161','모로코','카사블랑카');
insert into country(no, nation, state) values('162','모리셔스','포트루이스');
insert into country(no, nation, state) values('163','모리셔스','큐어파이프');
insert into country(no, nation, state) values('164','모리셔스','로즈힐');
insert into country(no, nation, state) values('165','모리타니아','누악쇼트');
insert into country(no, nation, state) values('166','모리타니아','키파');
insert into country(no, nation, state) values('167','모리타니아','누아디브');
insert into country(no, nation, state) values('168','모잠비크','마푸토');
insert into country(no, nation, state) values('169','모잠비크','베이라');
insert into country(no, nation, state) values('170','모잠비크','남풀라');
insert into country(no, nation, state) values('171','모잠비크','켈리마느');
insert into country(no, nation, state) values('172','몰도바','키시나우');
insert into country(no, nation, state) values('173','몰도바','티라스폴');
insert into country(no, nation, state) values('174','몰디브','말레');
insert into country(no, nation, state) values('175','몰디브','말레와아두');
insert into country(no, nation, state) values('176','몽골','울란바타르');
insert into country(no, nation, state) values('177','몽골','다르항');
insert into country(no, nation, state) values('178','몽골','에르데네트');
insert into country(no, nation, state) values('179','몽골','초이발산');
insert into country(no, nation, state) values('180','미국','워싱턴');
insert into country(no, nation, state) values('181','미국','뉴욕');
insert into country(no, nation, state) values('182','미국','로스엔젤레스');
insert into country(no, nation, state) values('183','미국','시카고');
insert into country(no, nation, state) values('184','미국','휴스턴');
insert into country(no, nation, state) values('185','미얀마','네피도');
insert into country(no, nation, state) values('186','미얀마','양곤');
insert into country(no, nation, state) values('187','미얀마','만달레이');
insert into country(no, nation, state) values('188','바레인','마나마');
insert into country(no, nation, state) values('189','바레인','무하락');
insert into country(no, nation, state) values('190','바레인','리파');
insert into country(no, nation, state) values('191','바레인','이사타운');
insert into country(no, nation, state) values('192','바베이도스','브릿지타운');
insert into country(no, nation, state) values('193','바베이도스','해스팅스');
insert into country(no, nation, state) values('194','바하마','나소');
insert into country(no, nation, state) values('195','바하마','프리포트');
insert into country(no, nation, state) values('196','바하마','락사운드');
insert into country(no, nation, state) values('197','방글라데시','다카');
insert into country(no, nation, state) values('198','방글라데시','치타공');
insert into country(no, nation, state) values('199','방글라데시','쿨나');
insert into country(no, nation, state) values('200','베냉','포르토노보');
insert into country(no, nation, state) values('201','베냉','코토누');
insert into country(no, nation, state) values('202','베냉','아보미');
insert into country(no, nation, state) values('203','베냉','파라코우');
insert into country(no, nation, state) values('204','베네수엘라','카라카스');
insert into country(no, nation, state) values('205','베네수엘라','마라카이보');
insert into country(no, nation, state) values('206','베네수엘라','마라카이');
insert into country(no, nation, state) values('207','베네수엘라','발렌시아');
insert into country(no, nation, state) values('208','베트남','하노이');
insert into country(no, nation, state) values('209','베트남','호찌민');
insert into country(no, nation, state) values('210','베트남','하이퐁');
insert into country(no, nation, state) values('211','베트남','다낭');
insert into country(no, nation, state) values('212','벨기에','브뤼셀');
insert into country(no, nation, state) values('213','벨기에','안트워프');
insert into country(no, nation, state) values('214','벨기에','리에즈');
insert into country(no, nation, state) values('215','벨기에','겐트');
insert into country(no, nation, state) values('216','벨기에','몽스');
insert into country(no, nation, state) values('217','벨라루스','민스크');
insert into country(no, nation, state) values('218','벨라루스','고멜');
insert into country(no, nation, state) values('219','벨리즈','벨모판');
insert into country(no, nation, state) values('220','벨리즈','벨리즈시티');
insert into country(no, nation, state) values('221','보츠와나','가보로네');
insert into country(no, nation, state) values('222','보츠와나','프란시스타운');
insert into country(no, nation, state) values('223','보츠와나','셀레비피크웨');
insert into country(no, nation, state) values('224','볼리비아','라파스');
insert into country(no, nation, state) values('225','볼리비아','산타크루스');
insert into country(no, nation, state) values('226','볼리비아','코차밤바');
insert into country(no, nation, state) values('227','볼리비아','수크레');
insert into country(no, nation, state) values('228','부룬디','부줌부라');
insert into country(no, nation, state) values('229','부룬디','키테가');
insert into country(no, nation, state) values('230','부룬디','은고지');
insert into country(no, nation, state) values('231','부르키나파소','와가두구');
insert into country(no, nation, state) values('232','부르키나파소','보보디오라쏘');
insert into country(no, nation, state) values('233','부르키나파소','쿠두구');
insert into country(no, nation, state) values('234','부탄','팀푸');
insert into country(no, nation, state) values('235','부탄','판초링');
insert into country(no, nation, state) values('236','부탄','파로');
insert into country(no, nation, state) values('237','불가리아','소피아');
insert into country(no, nation, state) values('238','불가리아','플로브디프');
insert into country(no, nation, state) values('239','불가리아','바르나');
insert into country(no, nation, state) values('240','불가리아','루세');
insert into country(no, nation, state) values('241','불가리아','부르가스');
insert into country(no, nation, state) values('242','브라질','브라질리아');
insert into country(no, nation, state) values('243','브라질','상파울루');
insert into country(no, nation, state) values('244','브라질','리우데자네이루');
insert into country(no, nation, state) values('245','브라질','사우바도르');
insert into country(no, nation, state) values('246','브라질','포르탈레자');
insert into country(no, nation, state) values('247','브라질','벨루오리존치');
insert into country(no, nation, state) values('248','브라질','마나우스');
insert into country(no, nation, state) values('249','브라질','쿠리치바');
insert into country(no, nation, state) values('250','브루나이','반다르스리브가완');
insert into country(no, nation, state) values('251','브루나이','투통');
insert into country(no, nation, state) values('252','브루나이','세리아');
insert into country(no, nation, state) values('253','브루나이','쿠알라블라이트');
insert into country(no, nation, state) values('254','사우디아라비아','리야드');
insert into country(no, nation, state) values('255','사우디아라비아','타이프');
insert into country(no, nation, state) values('256','사우디아라비아','젯다');
insert into country(no, nation, state) values('257','사이프러스','니코시아');
insert into country(no, nation, state) values('258','사이프러스','리마솔');
insert into country(no, nation, state) values('259','사이프러스','라나카');
insert into country(no, nation, state) values('260','사이프러스','파마구스타');
insert into country(no, nation, state) values('261','상투메프린시페','상투메');
insert into country(no, nation, state) values('262','상투메프린시페','트린다드');
insert into country(no, nation, state) values('263','세네갈','다카르');
insert into country(no, nation, state) values('264','세네갈','까오라크');
insert into country(no, nation, state) values('265','세네갈','셍루이');
insert into country(no, nation, state) values('266','세네갈','띠에스');
insert into country(no, nation, state) values('267','세네갈','지겐쇼');
insert into country(no, nation, state) values('268','세인트 빈센트 그레나딘','킹스타운');
insert into country(no, nation, state) values('269','세인트 빈센트 그레나딘','죠지타운');
insert into country(no, nation, state) values('270','세인트 키츠 네비스','바스테르');
insert into country(no, nation, state) values('271','세인트 키츠 네비스','찰스타운');
insert into country(no, nation, state) values('272','소말리아','모가디슈');
insert into country(no, nation, state) values('273','소말리아','하르게이사');
insert into country(no, nation, state) values('274','소말리아','보사소');
insert into country(no, nation, state) values('275','소말리아','키스마요');
insert into country(no, nation, state) values('276','수단','카르툼');
insert into country(no, nation, state) values('277','수단','옴두르만');
insert into country(no, nation, state) values('278','수단','포트수단');
insert into country(no, nation, state) values('279','수단','엘오베이드');
insert into country(no, nation, state) values('280','수단','와드메다니');
insert into country(no, nation, state) values('281','수리남','파라마리보');
insert into country(no, nation, state) values('282','수리남','니케리');
insert into country(no, nation, state) values('283','수리남','알비나');
insert into country(no, nation, state) values('284','스리랑카','콜롬보');
insert into country(no, nation, state) values('285','스리랑카','스리자야와트데나푸라코테');
insert into country(no, nation, state) values('286','스리랑카','캔디');
insert into country(no, nation, state) values('287','스리랑카','갈레');
insert into country(no, nation, state) values('288','스리랑카','쟈프나');
insert into country(no, nation, state) values('289','스리랑카','트링코말리');
insert into country(no, nation, state) values('290','스리랑카','아누라다프라');
insert into country(no, nation, state) values('291','스웨덴','스톡홀름');
insert into country(no, nation, state) values('292','스웨덴','요테보리');
insert into country(no, nation, state) values('293','스웨덴','말뫼');
insert into country(no, nation, state) values('294','스위스','베른');
insert into country(no, nation, state) values('295','스위스','취리히');
insert into country(no, nation, state) values('296','스위스','제네바');
insert into country(no, nation, state) values('297','스위스','바젤');
insert into country(no, nation, state) values('298','스위스','로잔');
insert into country(no, nation, state) values('299','스위스','루체른');
insert into country(no, nation, state) values('300','스페인','마드리드');
insert into country(no, nation, state) values('301','스페인','바르셀로나');
insert into country(no, nation, state) values('302','스페인','발렌시아');
insert into country(no, nation, state) values('303','스페인','세비야');
insert into country(no, nation, state) values('304','스페인','사라고사');
insert into country(no, nation, state) values('305','슬로바키아','브라티슬라바');
insert into country(no, nation, state) values('306','슬로바키아','코시체');
insert into country(no, nation, state) values('307','슬로바키아','니트라');
insert into country(no, nation, state) values('308','슬로베니아','류블랴나');
insert into country(no, nation, state) values('309','슬로베니아','셀리예');
insert into country(no, nation, state) values('310','슬로베니아','크라니');
insert into country(no, nation, state) values('311','시리아','다마스커스');
insert into country(no, nation, state) values('312','시리아','알레포');
insert into country(no, nation, state) values('313','시리아','홈즈');
insert into country(no, nation, state) values('314','시리아','하마');
insert into country(no, nation, state) values('315','시리아','라타키아');
insert into country(no, nation, state) values('316','시에라리온','프리타운');
insert into country(no, nation, state) values('317','시에라리온','코이두');
insert into country(no, nation, state) values('318','시에라리온','보');
insert into country(no, nation, state) values('319','시에라리온','케네마');
insert into country(no, nation, state) values('320','싱가포르','싱가포르');
insert into country(no, nation, state) values('321','아랍에미리트','아부다비');
insert into country(no, nation, state) values('322','아랍에미리트','두바이');
insert into country(no, nation, state) values('323','아랍에미리트','알아인');
insert into country(no, nation, state) values('324','아랍에미리트','샤르자');
insert into country(no, nation, state) values('325','아르메니아','예레반');
insert into country(no, nation, state) values('326','아르메니아','규므리');
insert into country(no, nation, state) values('327','아르메니아','바나조르');
insert into country(no, nation, state) values('328','아르헨티나','부에노스아이레스');
insert into country(no, nation, state) values('329','아르헨티나','코르도바');
insert into country(no, nation, state) values('330','아르헨티나','로사리오');
insert into country(no, nation, state) values('331','아르헨티나','마르델플라타');
insert into country(no, nation, state) values('332','아르헨티나','멘도사');
insert into country(no, nation, state) values('333','아이슬란드','레이캬빅');
insert into country(no, nation, state) values('334','아이슬란드','코파보규르');
insert into country(no, nation, state) values('335','아이슬란드','호르나피요듀르');
insert into country(no, nation, state) values('336','아이슬란드','아큐레이리');
insert into country(no, nation, state) values('337','아이티','포르토프랭스');
insert into country(no, nation, state) values('338','아이티','캅아티안');
insert into country(no, nation, state) values('339','아이티','고나이베');
insert into country(no, nation, state) values('340','아일랜드','더블린');
insert into country(no, nation, state) values('341','아일랜드','코오크');
insert into country(no, nation, state) values('342','아일랜드','리머릭');
insert into country(no, nation, state) values('343','아일랜드','골웨이');
insert into country(no, nation, state) values('344','아제르바이잔','바쿠');
insert into country(no, nation, state) values('345','아제르바이잔','간자');
insert into country(no, nation, state) values('346','아제르바이잔','숨가이트');
insert into country(no, nation, state) values('347','아프가니스탄','카불');
insert into country(no, nation, state) values('348','아프가니스탄','헤라트');
insert into country(no, nation, state) values('349','아프가니스탄','칸다하르');
insert into country(no, nation, state) values('350','아프가니스탄','잘랄라바드');
insert into country(no, nation, state) values('351','아프가니스탄','마자리샤리프');
insert into country(no, nation, state) values('352','알제리','알제');
insert into country(no, nation, state) values('353','알제리','오랑');
insert into country(no, nation, state) values('354','알제리','콘스탄틴');
insert into country(no, nation, state) values('355','알제리','아나바');
insert into country(no, nation, state) values('356','앙골라','루안다');
insert into country(no, nation, state) values('357','앙골라','우암보');
insert into country(no, nation, state) values('358','앙골라','로비투');
insert into country(no, nation, state) values('359','앙골라','루방구');
insert into country(no, nation, state) values('360','앤티가바부다','세인트존스');
insert into country(no, nation, state) values('361','앤티가바부다','코드링톤');
insert into country(no, nation, state) values('362','에리트레아','아스마라');
insert into country(no, nation, state) values('363','에리트레아','아사브');
insert into country(no, nation, state) values('364','에리트레아','마사와');
insert into country(no, nation, state) values('365','에스토니아','탈린');
insert into country(no, nation, state) values('366','에스토니아','따르뚜');
insert into country(no, nation, state) values('367','에스토니아','나르바');
insert into country(no, nation, state) values('368','에스토니아','코트라야르브');
insert into country(no, nation, state) values('369','에콰도르','키토');
insert into country(no, nation, state) values('370','에콰도르','과야킬');
insert into country(no, nation, state) values('371','에콰도르','쿠엔카');
insert into country(no, nation, state) values('372','에티오피아','아디스아바바');
insert into country(no, nation, state) values('373','에티오피아','디레다와');
insert into country(no, nation, state) values('374','에티오피아','곤다르');
insert into country(no, nation, state) values('375','엘살바도르','산살바도르');
insert into country(no, nation, state) values('376','엘살바도르','산타안나');
insert into country(no, nation, state) values('377','엘살바도르','산미겔');
insert into country(no, nation, state) values('378','영국','런던');
insert into country(no, nation, state) values('379','영국','버밍엄');
insert into country(no, nation, state) values('380','영국','리즈');
insert into country(no, nation, state) values('381','영국','글라스고우');
insert into country(no, nation, state) values('382','영국','에딘버러');
insert into country(no, nation, state) values('383','영국','벨파스트');
insert into country(no, nation, state) values('384','예멘','사나');
insert into country(no, nation, state) values('385','예멘','아덴');
insert into country(no, nation, state) values('386','예멘','호데이다');
insert into country(no, nation, state) values('387','예멘','타이즈');
insert into country(no, nation, state) values('388','예멘','무칼라');
insert into country(no, nation, state) values('389','오만','무스카트');
insert into country(no, nation, state) values('390','오만','살랄라');
insert into country(no, nation, state) values('391','오만','수르');
insert into country(no, nation, state) values('392','오만','니즈와');
insert into country(no, nation, state) values('393','오만','소하르');
insert into country(no, nation, state) values('394','오스트리아','빈');
insert into country(no, nation, state) values('395','오스트리아','그라츠');
insert into country(no, nation, state) values('396','오스트리아','린츠');
insert into country(no, nation, state) values('397','오스트리아','잘츠부르크');
insert into country(no, nation, state) values('398','오스트리아','인스부르크');
insert into country(no, nation, state) values('399','온두라스','테구시갈파');
insert into country(no, nation, state) values('400','온두라스','산페드로술라');
insert into country(no, nation, state) values('401','온두라스','라세이바');
insert into country(no, nation, state) values('402','요르단','암만');
insert into country(no, nation, state) values('403','요르단','자르카');
insert into country(no, nation, state) values('404','요르단','이르비드');
insert into country(no, nation, state) values('405','우간다','캄팔라');
insert into country(no, nation, state) values('406','우간다','엔테베');
insert into country(no, nation, state) values('407','우간다','진자');
insert into country(no, nation, state) values('408','우간다','마사카');
insert into country(no, nation, state) values('409','우간다','마신디');
insert into country(no, nation, state) values('410','우간다','구루');
insert into country(no, nation, state) values('411','우간다','리라');
insert into country(no, nation, state) values('412','우루과이','몬테비데오');
insert into country(no, nation, state) values('413','우루과이','푼타델에스테');
insert into country(no, nation, state) values('414','우루과이','파이산두');
insert into country(no, nation, state) values('415','우루과이','살토');
insert into country(no, nation, state) values('416','우루과이','카넬로네스');
insert into country(no, nation, state) values('417','우즈베키스탄','타슈켄트');
insert into country(no, nation, state) values('418','우즈베키스탄','사마르칸트');
insert into country(no, nation, state) values('419','우크라이나','키예프');
insert into country(no, nation, state) values('420','우크라이나','하리코프');
insert into country(no, nation, state) values('421','우크라이나','드네프로페트롭스크');
insert into country(no, nation, state) values('422','우크라이나','오데사');
insert into country(no, nation, state) values('423','우크라이나','도네츠크');
insert into country(no, nation, state) values('424','이라크','바그다드');
insert into country(no, nation, state) values('425','이라크','바스라');
insert into country(no, nation, state) values('426','이라크','모술');
insert into country(no, nation, state) values('427','이라크','키르쿠크');
insert into country(no, nation, state) values('428','이라크','술레마니아');
insert into country(no, nation, state) values('429','이란','테헤란');
insert into country(no, nation, state) values('430','이란','이스파한');
insert into country(no, nation, state) values('431','이란','마샤드');
insert into country(no, nation, state) values('432','이란','타브리즈');
insert into country(no, nation, state) values('433','이란','시라즈');
insert into country(no, nation, state) values('434','이스라엘','예루살렘');
insert into country(no, nation, state) values('435','이스라엘','텔아비브');
insert into country(no, nation, state) values('436','이스라엘','하이파');
insert into country(no, nation, state) values('437','이스라엘','베르쉐바');
insert into country(no, nation, state) values('438','이집트','카이로');
insert into country(no, nation, state) values('439','이집트','알렉산드리아');
insert into country(no, nation, state) values('440','이집트','아스완');
insert into country(no, nation, state) values('441','이집트','이스마일리아');
insert into country(no, nation, state) values('442','이집트','포트사이드');
insert into country(no, nation, state) values('443','이탈리아','로마');
insert into country(no, nation, state) values('444','이탈리아','밀라노');
insert into country(no, nation, state) values('445','이탈리아','나폴리');
insert into country(no, nation, state) values('446','이탈리아','토리노');
insert into country(no, nation, state) values('447','이탈리아','피렌체');
insert into country(no, nation, state) values('448','이탈리아','베네치아');
insert into country(no, nation, state) values('449','인도','뉴델리');
insert into country(no, nation, state) values('450','인도','콜카타');
insert into country(no, nation, state) values('451','인도','뭄바이');
insert into country(no, nation, state) values('452','인도','첸나이');
insert into country(no, nation, state) values('453','인도네시아','자카르타');
insert into country(no, nation, state) values('454','인도네시아','발리');
insert into country(no, nation, state) values('455','인도네시아','파푸아');
insert into country(no, nation, state) values('456','일본','도쿄');
insert into country(no, nation, state) values('457','일본','교토');
insert into country(no, nation, state) values('458','일본','나고야');
insert into country(no, nation, state) values('459','일본','니가타');
insert into country(no, nation, state) values('460','일본','삿포로');
insert into country(no, nation, state) values('461','일본','센다이');
insert into country(no, nation, state) values('462','일본','오사카');
insert into country(no, nation, state) values('463','일본','요코하마');
insert into country(no, nation, state) values('464','일본','후쿠오카');
insert into country(no, nation, state) values('465','자메이카','킹스톤');
insert into country(no, nation, state) values('466','자메이카','몬테고베이');
insert into country(no, nation, state) values('467','잠비아','루사카');
insert into country(no, nation, state) values('468','잠비아','키트웨');
insert into country(no, nation, state) values('469','잠비아','은돌라');
insert into country(no, nation, state) values('470','적도기니','말라보');
insert into country(no, nation, state) values('471','적도기니','바타');
insert into country(no, nation, state) values('472','적도기니','몽고모');
insert into country(no, nation, state) values('473','조지아','트빌리시');
insert into country(no, nation, state) values('474','조지아','바투미');
insert into country(no, nation, state) values('475','조지아','쿠타이시');
insert into country(no, nation, state) values('476','중국','베이징');
insert into country(no, nation, state) values('477','중국','상하이');
insert into country(no, nation, state) values('478','중국','톈진');
insert into country(no, nation, state) values('479','중국','충칭');
insert into country(no, nation, state) values('480','중국','광저우');
insert into country(no, nation, state) values('481','중국','청두');
insert into country(no, nation, state) values('482','중국','선양');
insert into country(no, nation, state) values('483','중국','칭다오');
insert into country(no, nation, state) values('484','중국','시안');
insert into country(no, nation, state) values('485','중앙아프리카공화국','방기');
insert into country(no, nation, state) values('486','중앙아프리카공화국','보알리');
insert into country(no, nation, state) values('487','중앙아프리카공화국','베르베라티');
insert into country(no, nation, state) values('488','중앙아프리카공화국','밤바리');
insert into country(no, nation, state) values('489','지부티','지부티');
insert into country(no, nation, state) values('490','지부티','따주라');
insert into country(no, nation, state) values('491','지부티','디킬');
insert into country(no, nation, state) values('492','지부티','오복');
insert into country(no, nation, state) values('493','짐바브웨','하라레');
insert into country(no, nation, state) values('494','짐바브웨','불라와요');
insert into country(no, nation, state) values('495','짐바브웨','치팅귀자');
insert into country(no, nation, state) values('496','차드','은자메나');
insert into country(no, nation, state) values('497','차드','사르');
insert into country(no, nation, state) values('498','차드','문두');
insert into country(no, nation, state) values('499','차드','아베쉐');
insert into country(no, nation, state) values('500','체코','프라하');
insert into country(no, nation, state) values('501','체코','브르노');
insert into country(no, nation, state) values('502','체코','오스트라바');
insert into country(no, nation, state) values('503','칠레','산티아고');
insert into country(no, nation, state) values('504','칠레','발파라이소');
insert into country(no, nation, state) values('505','칠레','콘셉시온');
insert into country(no, nation, state) values('506','칠레','안토파가스타');
insert into country(no, nation, state) values('507','칠레','이키케');
insert into country(no, nation, state) values('508','칠레','푼타아레나스');
insert into country(no, nation, state) values('509','카메룬','야운데');
insert into country(no, nation, state) values('510','카메룬','두알라');
insert into country(no, nation, state) values('511','카보베르데','프라이아');
insert into country(no, nation, state) values('512','카보베르데','밍델로');
insert into country(no, nation, state) values('513','카보베르데','아소마다');
insert into country(no, nation, state) values('514','카자흐스탄','누르술탄');
insert into country(no, nation, state) values('515','카자흐스탄','알마티');
insert into country(no, nation, state) values('516','카자흐스탄','쉼켄트');
insert into country(no, nation, state) values('517','카타르','도하');
insert into country(no, nation, state) values('518','카타르','움사이드');
insert into country(no, nation, state) values('519','카타르','두칸');
insert into country(no, nation, state) values('520','카타르','알코르');
insert into country(no, nation, state) values('521','캄보디아','프놈펜');
insert into country(no, nation, state) values('522','캄보디아','캄퐁참');
insert into country(no, nation, state) values('523','캄보디아','바탐방');
insert into country(no, nation, state) values('524','캄보디아','시엠립');
insert into country(no, nation, state) values('525','캐나다','오타와');
insert into country(no, nation, state) values('526','캐나다','토론토');
insert into country(no, nation, state) values('527','캐나다','몬트리올');
insert into country(no, nation, state) values('528','캐나다','밴쿠버');
insert into country(no, nation, state) values('529','캐나다','퀘벡시티');
insert into country(no, nation, state) values('530','캐나다','캘거리');
insert into country(no, nation, state) values('531','캐나다','에드몬톤');
insert into country(no, nation, state) values('532','케냐','나이로비');
insert into country(no, nation, state) values('533','케냐','몸바사');
insert into country(no, nation, state) values('534','케냐','나쿠르');
insert into country(no, nation, state) values('535','케냐','키수무');
insert into country(no, nation, state) values('536','코모로','모로니');
insert into country(no, nation, state) values('537','코모로','폼보니');
insert into country(no, nation, state) values('538','코모로','무차무드');
insert into country(no, nation, state) values('539','코모로','마차미울리');
insert into country(no, nation, state) values('540','코스타리카','산호세');
insert into country(no, nation, state) values('541','코스타리카','알라후엘라');
insert into country(no, nation, state) values('542','코스타리카','에레디아');
insert into country(no, nation, state) values('543','코스타리카','카르타고');
insert into country(no, nation, state) values('544','코트디부아르','야무수크로');
insert into country(no, nation, state) values('545','코트디부아르','아비장');
insert into country(no, nation, state) values('546','콜롬비아','보고타');
insert into country(no, nation, state) values('547','콜롬비아','메데인');
insert into country(no, nation, state) values('548','콜롬비아','칼리');
insert into country(no, nation, state) values('549','콜롬비아','바란키야');
insert into country(no, nation, state) values('550','콩고공화국','브라자빌');
insert into country(no, nation, state) values('551','콩고공화국','뽀엥뜨노와르');
insert into country(no, nation, state) values('552','콩고공화국','우에쏘');
insert into country(no, nation, state) values('553','콩고민주공화국(DR콩고)','킨샤사');
insert into country(no, nation, state) values('554','콩고민주공화국(DR콩고)','루붐바시');
insert into country(no, nation, state) values('555','콩고민주공화국(DR콩고)','음부지마이');
insert into country(no, nation, state) values('556','콩고민주공화국(DR콩고)','카낭가');
insert into country(no, nation, state) values('557','콩고민주공화국(DR콩고)','키상가니');
insert into country(no, nation, state) values('558','쿠바','아바나');
insert into country(no, nation, state) values('559','쿠바','산티아고데쿠바');
insert into country(no, nation, state) values('560','쿠바','카마구에이');
insert into country(no, nation, state) values('561','쿠웨이트','쿠웨이트시');
insert into country(no, nation, state) values('562','쿠웨이트','아흐마디');
insert into country(no, nation, state) values('563','쿠웨이트','하왈리');
insert into country(no, nation, state) values('564','쿠웨이트','자흐라');
insert into country(no, nation, state) values('565','크로아티아','자그레브');
insert into country(no, nation, state) values('566','크로아티아','스플리트');
insert into country(no, nation, state) values('567','크로아티아','오시엑');
insert into country(no, nation, state) values('568','크로아티아','리예카');
insert into country(no, nation, state) values('569','크로아티아','두브로브닉');
insert into country(no, nation, state) values('570','키르기즈','비슈케크');
insert into country(no, nation, state) values('571','키르기즈','카라콜');
insert into country(no, nation, state) values('572','키르기즈','잘랄아바드');
insert into country(no, nation, state) values('573','키르기즈','나린');
insert into country(no, nation, state) values('574','키르기즈','오쉬');
insert into country(no, nation, state) values('575','키르기즈','탈라스');
insert into country(no, nation, state) values('576','타이완','타이베이');
insert into country(no, nation, state) values('577','타이완','가오슝');
insert into country(no, nation, state) values('578','타이완','타이중');
insert into country(no, nation, state) values('579','타이완','타이난');
insert into country(no, nation, state) values('580','타이완','지룽');
insert into country(no, nation, state) values('581','탄자니아','도도마');
insert into country(no, nation, state) values('582','탄자니아','다르에스살람');
insert into country(no, nation, state) values('583','탄자니아','므완자');
insert into country(no, nation, state) values('584','탄자니아','탕가');
insert into country(no, nation, state) values('585','태국','방콕');
insert into country(no, nation, state) values('586','태국','치앙마이');
insert into country(no, nation, state) values('587','태국','콘캔');
insert into country(no, nation, state) values('588','태국','송클라');
insert into country(no, nation, state) values('589','태국','푸껫');
insert into country(no, nation, state) values('590','터키','앙카라');
insert into country(no, nation, state) values('591','터키','이스탄불');
insert into country(no, nation, state) values('592','터키','이즈밀');
insert into country(no, nation, state) values('593','터키','부르사');
insert into country(no, nation, state) values('594','터키','안탈리야');
insert into country(no, nation, state) values('595','토고','로메');
insert into country(no, nation, state) values('596','토고','크팔리메');
insert into country(no, nation, state) values('597','토고','소코데');
insert into country(no, nation, state) values('598','토고','아타크파메');
insert into country(no, nation, state) values('599','투르크메니스탄','아시가바트');
insert into country(no, nation, state) values('600','투르크메니스탄','차류');
insert into country(no, nation, state) values('601','투르크메니스탄','다쉬하우즈');
insert into country(no, nation, state) values('602','투르크메니스탄','구쉬기');
insert into country(no, nation, state) values('603','투르크메니스탄','케르키');
insert into country(no, nation, state) values('604','투르크메니스탄','마리');
insert into country(no, nation, state) values('605','투르크메니스탄','네비트닥');
insert into country(no, nation, state) values('606','튀니지','튀니스');
insert into country(no, nation, state) values('607','튀니지','스팍스');
insert into country(no, nation, state) values('608','튀니지','수스');
insert into country(no, nation, state) values('609','튀니지','가베스');
insert into country(no, nation, state) values('610','튀니지','비제르트');
insert into country(no, nation, state) values('611','트리니다드토바고','포트오브스페인');
insert into country(no, nation, state) values('612','트리니다드토바고','산훼르난도');
insert into country(no, nation, state) values('613','트리니다드토바고','아리마');
insert into country(no, nation, state) values('614','파나마','파나마시티');
insert into country(no, nation, state) values('615','파나마','콜론');
insert into country(no, nation, state) values('616','파나마','다빗');
insert into country(no, nation, state) values('617','파나마','초레라');
insert into country(no, nation, state) values('618','파나마','산티아고');
insert into country(no, nation, state) values('619','파라과이','아순시온');
insert into country(no, nation, state) values('620','파라과이','시우다드델에스테');
insert into country(no, nation, state) values('621','파라과이','엔카르나시온');
insert into country(no, nation, state) values('622','파라과이','페드로후안카바예로');
insert into country(no, nation, state) values('623','파키스탄','이슬라마바드');
insert into country(no, nation, state) values('624','파키스탄','카라치');
insert into country(no, nation, state) values('625','파키스탄','라호르');
insert into country(no, nation, state) values('626','파키스탄','파이잘라바드');
insert into country(no, nation, state) values('627','파키스탄','라왈핀디');
insert into country(no, nation, state) values('628','파푸아뉴기니','포트모르즈비');
insert into country(no, nation, state) values('629','파푸아뉴기니','마운트하겐');
insert into country(no, nation, state) values('630','파푸아뉴기니','라바울');
insert into country(no, nation, state) values('631','파푸아뉴기니','마당');
insert into country(no, nation, state) values('632','파푸아뉴기니','고로카');
insert into country(no, nation, state) values('633','파푸아뉴기니','킴베');
insert into country(no, nation, state) values('634','페루','리마');
insert into country(no, nation, state) values('635','페루','아레키파');
insert into country(no, nation, state) values('636','페루','트루히요');
insert into country(no, nation, state) values('637','페루','쿠스코');
insert into country(no, nation, state) values('638','페루','이키토스');
insert into country(no, nation, state) values('639','포르투갈','리스본');
insert into country(no, nation, state) values('640','포르투갈','포르토');
insert into country(no, nation, state) values('641','포르투갈','브라가');
insert into country(no, nation, state) values('642','포르투갈','꼬잉브라');
insert into country(no, nation, state) values('643','폴란드','바르샤바');
insert into country(no, nation, state) values('644','폴란드','크라코프');
insert into country(no, nation, state) values('645','폴란드','우츠');
insert into country(no, nation, state) values('646','폴란드','브로츠와프');
insert into country(no, nation, state) values('647','폴란드','포즈난');
insert into country(no, nation, state) values('648','폴란드','그단스크');
insert into country(no, nation, state) values('649','프랑스','파리');
insert into country(no, nation, state) values('650','프랑스','리용');
insert into country(no, nation, state) values('651','프랑스','마르세이유');
insert into country(no, nation, state) values('652','프랑스','릴');
insert into country(no, nation, state) values('653','프랑스','보르도');
insert into country(no, nation, state) values('654','피지','수바');
insert into country(no, nation, state) values('655','피지','난디');
insert into country(no, nation, state) values('656','피지','라우토카');
insert into country(no, nation, state) values('657','핀란드','헬싱키');
insert into country(no, nation, state) values('658','핀란드','탐뻬레');
insert into country(no, nation, state) values('659','핀란드','투르쿠');
insert into country(no, nation, state) values('660','핀란드','쿠오피오');
insert into country(no, nation, state) values('661','핀란드','오울루');
insert into country(no, nation, state) values('662','핀란드','위바스킬라');
insert into country(no, nation, state) values('663','필리핀','메트로마닐라');
insert into country(no, nation, state) values('664','필리핀','세부');
insert into country(no, nation, state) values('665','필리핀','바기오');
insert into country(no, nation, state) values('666','필리핀','다바오');
insert into country(no, nation, state) values('667','헝가리','부다페스트');
insert into country(no, nation, state) values('668','헝가리','미슈콜츠');
insert into country(no, nation, state) values('669','헝가리','데브레첸');
insert into country(no, nation, state) values('670','헝가리','세게드');
insert into country(no, nation, state) values('671','헝가리','페치');
insert into country(no, nation, state) values('672','호주','캔버라');
insert into country(no, nation, state) values('673','호주','시드니');
insert into country(no, nation, state) values('674','호주','멜번');
insert into country(no, nation, state) values('675','호주','퍼스');
insert into country(no, nation, state) values('676','호주','브리스번');
insert into country(no, nation, state) values('677','호주','아들레이드');
